folder,filename,status
01_Mobile_Screens_Current,opesinsure_blue_gold_login_screen.png,included
01_Mobile_Screens_Current,opesinsure_account_creation_screen.png,included
01_Mobile_Screens_Current,opesinsure_light_theme_splash_screen.png,included
01_Mobile_Screens_Current,opesinsure_a_brighter_africa.png,included
01_Mobile_Screens_Current,opesinsure_a_brighter_tomorrow.png,included
01_Mobile_Screens_Current,opesinsure_light_africa_onboarding_screen.png,included
01_Mobile_Screens_Current,opesinsure_home_dashboard.png,included
01_Mobile_Screens_Current,opesinsure_explore_insurance_dashboard.png,included
01_Mobile_Screens_Current,opesinsure_my_policies_dashboard.png,included
01_Mobile_Screens_Current,opesinsure_claims_dashboard.png,included
01_Mobile_Screens_Current,opesinsure_profile_app_screen.png,included
01_Mobile_Screens_Current,motor_insurance_product_app_ui.png,included
01_Mobile_Screens_Current,opesinsure_motor_insurance_quote_form.png,included
01_Mobile_Screens_Current,opesinsure_compare_offers_screen.png,included
01_Mobile_Screens_Current,opesinsure_review_pay_checkout.png,included
01_Mobile_Screens_Current,opesinsure_payment_processing_screen.png,included
01_Mobile_Screens_Current,opesinsure_policy_confirmation_screen.png,included
01_Mobile_Screens_Current,opesinsure_policy_details_dashboard.png,included
01_Mobile_Screens_Current,opesinsure_policy_documents_screen.png,included
01_Mobile_Screens_Current,opesinsure_policy_renewal_screen.png,included
01_Mobile_Screens_Current,opesinsure_renewal_quote_screen.png,included
01_Mobile_Screens_Current,insurance_offer_comparison_app_ui.png,included
01_Mobile_Screens_Current,insurance_renewal_review_and_payment.png,included
01_Mobile_Screens_Current,opesinsure_saved_quotes_dashboard.png,included
01_Mobile_Screens_Current,opesinsure_draft_applications_dashboard.png,included
01_Mobile_Screens_Current,opesinsure_help_centre_mobile_app.png,included
01_Mobile_Screens_Current,opesinsure_new_support_ticket.png,included
01_Mobile_Screens_Current,insurance_ticket_detail_screen.png,included
01_Mobile_Screens_Current,opesinsure_payment_history_dashboard.png,included
01_Mobile_Screens_Current,opesinsure_payment_confirmation.png,included
01_Mobile_Screens_Current,opesinsure_select_policy_screen.png,included
01_Mobile_Screens_Current,opesinsure_incident_details_screen.png,included
01_Mobile_Screens_Current,opesinsure_evidence_upload_screen.png,included
01_Mobile_Screens_Current,opesinsure_review_and_submit_claim.png,included
01_Mobile_Screens_Current,opesinsure_claim_detail_dashboard.png,included
01_Mobile_Screens_Current,opesinsure_claim_timeline_dashboard.png,included
01_Mobile_Screens_Current,insurance_claim_information_request.png,included
01_Mobile_Screens_Current,opesinsure_claim_decision_screen.png,included
01_Mobile_Screens_Current,opesinsure_claim_settlement_dashboard.png,included
01_Mobile_Screens_Current,opesinsure_claim_appeal_screen.png,included
01_Mobile_Screens_Current,OpesInsure_Batch7_01_KYC_Verification.png,included
01_Mobile_Screens_Current,OpesInsure_Batch7_02_Personal_Details.png,included
01_Mobile_Screens_Current,OpesInsure_Batch7_03_My_Assets.png,included
01_Mobile_Screens_Current,OpesInsure_Batch7_04_Beneficiaries_Dependents.png,included
01_Mobile_Screens_Current,OpesInsure_Batch7_05_Payment_Methods.png,included
01_Mobile_Screens_Current,opesinsure_security_biometrics_dashboard.png,included
01_Mobile_Screens_Current,opesinsure_language_preferences_ui.png,included
01_Mobile_Screens_Current,privacy_consent_legal_settings.png,included
01_Mobile_Screens_Current,opesinsure_filters_mobile_ui.png,included
01_Mobile_Screens_Current,zenith_insurance_cameroon_app_profile.png,included
01_Mobile_Screens_Current,opesinsure_notifications_dashboard.png,included
01_Mobile_Screens_Current,payment_successful_receipt_ui.png,included
02_Mobile_Screens_Alternates_Rejected_Intermediate,opesinsure_african_marketplace_login.png,included
02_Mobile_Screens_Alternates_Rejected_Intermediate,opesinsure_premium_login_interface.png,included
02_Mobile_Screens_Alternates_Rejected_Intermediate,opesinsure_secure_login_screen.png,included
02_Mobile_Screens_Alternates_Rejected_Intermediate,opesinsure_compare_with_confidence.png,included
02_Mobile_Screens_Alternates_Rejected_Intermediate,opesinsure_africa_connected.png,included
02_Mobile_Screens_Alternates_Rejected_Intermediate,opesinsure_bright_africa_splash_screen.png,included
02_Mobile_Screens_Alternates_Rejected_Intermediate,opesinsure_african_insurance_login.png,included
02_Mobile_Screens_Alternates_Rejected_Intermediate,opesinsure_african_insurance_signup_page.png,included
02_Mobile_Screens_Alternates_Rejected_Intermediate,OpesInsure_Batch5_01_Select_Policy.png,included
02_Mobile_Screens_Alternates_Rejected_Intermediate,OpesInsure_Batch5_02_Incident_Details.png,included
02_Mobile_Screens_Alternates_Rejected_Intermediate,OpesInsure_Batch5_03_Evidence_Upload.png,included
02_Mobile_Screens_Alternates_Rejected_Intermediate,OpesInsure_Batch5_04_Review_Submit.png,included
02_Mobile_Screens_Alternates_Rejected_Intermediate,OpesInsure_Batch5_05_Claim_Detail.png,included
02_Mobile_Screens_Alternates_Rejected_Intermediate,OpesInsure_Batch6_01_Claim_Timeline.png,included
02_Mobile_Screens_Alternates_Rejected_Intermediate,OpesInsure_Batch6_02_Additional_Information.png,included
02_Mobile_Screens_Alternates_Rejected_Intermediate,OpesInsure_Batch6_03_Claim_Decision.png,included
02_Mobile_Screens_Alternates_Rejected_Intermediate,OpesInsure_Batch6_04_Claim_Settlement.png,included
02_Mobile_Screens_Alternates_Rejected_Intermediate,OpesInsure_Batch6_05_Claim_Appeal.png,included
02_Mobile_Screens_Alternates_Rejected_Intermediate,opesinsure_incident_details_ui.png,included
02_Mobile_Screens_Alternates_Rejected_Intermediate,insurance_claim_review_submission.png,included
02_Mobile_Screens_Alternates_Rejected_Intermediate,opesinsure_motor_policy_renewal.png,included
02_Mobile_Screens_Alternates_Rejected_Intermediate,a_clean_modern_mobile_app_ui_screenshot_in_a_tall.png,included
02_Mobile_Screens_Alternates_Rejected_Intermediate,a_clean_high_resolution_mobile_app_ui_screenshot.png,included
02_Mobile_Screens_Alternates_Rejected_Intermediate,a_clean_product_ui_screenshot_on_a_smartphone_a_m.png,included
02_Mobile_Screens_Alternates_Rejected_Intermediate,a_clean_app_ui_mockup_a_vertical_smartphone_scree.png,included
02_Mobile_Screens_Alternates_Rejected_Intermediate,a_clean_smartphone_ui_mockup_white_background_mob.png,included
02_Mobile_Screens_Alternates_Rejected_Intermediate,a_clean_mobile_app_ui_mockup_screenshot_in_a_reali.png,included
02_Mobile_Screens_Alternates_Rejected_Intermediate,a_clean_realistic_smartphone_ui_screenshot_iphon.png,included
02_Mobile_Screens_Alternates_Rejected_Intermediate,a_clean_high_resolution_mobile_app_ui_screen_mock.png,included
02_Mobile_Screens_Alternates_Rejected_Intermediate,a_clean_mobile_app_ui_screenshot_mockup_a_high_re.png,included
02_Mobile_Screens_Alternates_Rejected_Intermediate,a_clean_modern_mobile_app_interface_mockup_smart.png,included
02_Mobile_Screens_Alternates_Rejected_Intermediate,a_clean_modern_mobile_app_ui_screenshot_mockup.png,included
02_Mobile_Screens_Alternates_Rejected_Intermediate,a_vertical_mobile_app_ui_mockup_screenshot_clean.png,included
02_Mobile_Screens_Alternates_Rejected_Intermediate,a_clean_product_style_layout_with_two_side_by_side.png,included
02_Mobile_Screens_Alternates_Rejected_Intermediate,a_clean_white_background_image_showing_five_smartp.png,included
02_Mobile_Screens_Alternates_Rejected_Intermediate,a_clean_white_background_presentation_with_five_ip.png,included
02_Mobile_Screens_Alternates_Rejected_Intermediate,a_clean_white_background_image_showing_a_row_of.png,included
02_Mobile_Screens_Alternates_Rejected_Intermediate,a_clean_white_background_collage_arrangement_of_mu.png,included
02_Mobile_Screens_Alternates_Rejected_Intermediate,a_wide_row_of_five_smartphone_ui_mockups_screens.png,included
02_Mobile_Screens_Alternates_Rejected_Intermediate,a_tall_portrait_screenshot_of_a_mobile_app_ui_iph.png,included
02_Mobile_Screens_Alternates_Rejected_Intermediate,a_tall_vertical_smartphone_ui_screenshot_clean_mo.png,included
02_Mobile_Screens_Alternates_Rejected_Intermediate,a_vertical_smartphone_ui_screenshot_mockup_of_an.png,included
02_Mobile_Screens_Alternates_Rejected_Intermediate,mobile_contact_sheet.jpg,included
02_Mobile_Screens_Alternates_Rejected_Intermediate,mobile_contact_sheet2.jpg,included
02_Mobile_Screens_Alternates_Rejected_Intermediate,a_clean_app_ui_mockup_on_a_smartphone_screen_vert.png,included
02_Mobile_Screens_Alternates_Rejected_Intermediate,a_clean_product_ui_screenshot_on_a_smartphone_a_m.png,included
02_Mobile_Screens_Alternates_Rejected_Intermediate,a_clean_high_resolution_ui_ux_design_composite_im.png,included
02_Mobile_Screens_Alternates_Rejected_Intermediate,a_clean_high_resolution_ui_design_collage_of_four.png,included
03_Mobile_Artefacts_And_Assets,glossy_blue_insurance_umbrella_icon.png,included
03_Mobile_Artefacts_And_Assets,glossy_gold_umbrella_insurtech_icon.png,included
03_Mobile_Artefacts_And_Assets,opesinsure_glossy_blue_logo.png,included
03_Mobile_Artefacts_And_Assets,opesinsure_glossy_blue_gold_logo.png,included
03_Mobile_Artefacts_And_Assets,a_clean_white_background_logo_branding_image._over.png,included
03_Mobile_Artefacts_And_Assets,wide_clean_graphic_logo_on_a_transparent_backgroun.png,included
03_Mobile_Artefacts_And_Assets,a_clean_high_resolution_transparent_background.png,included
03_Mobile_Artefacts_And_Assets,a_clean_white_transparent_background_logo_image_wi.png,included
03_Mobile_Artefacts_And_Assets,a_clean_white_transparent_background_represented.png,included
03_Mobile_Artefacts_And_Assets,wide_clean_high_resolution_transparent_backgroun.png,included
03_Mobile_Artefacts_And_Assets,wide_clean_white_background_high_resolution_brand.png,included
03_Mobile_Artefacts_And_Assets,a_clean_white_transparent_background_corporate_log.png,included
03_Mobile_Artefacts_And_Assets,a_clean_high_resolution_minimalist_branding_logo.png,included
03_Mobile_Artefacts_And_Assets,a_clean_high_resolution_logo_graphic_on_a_transpa.png,included
03_Mobile_Artefacts_And_Assets,opesinsure_digital_insurance_seal.png,included
03_Mobile_Artefacts_And_Assets,opesinsure_premium_digital_insurance_seal.png,included
03_Mobile_Artefacts_And_Assets,a_high_end_photorealistic_metallic_embossed_corp.png,included
03_Mobile_Artefacts_And_Assets,opesinsure_africa_logo_mark.png,included
03_Mobile_Artefacts_And_Assets,a_safer_brighter_africa_logo.png,included
03_Mobile_Artefacts_And_Assets,opesinsure_shield_and_growth_logo.png,included
03_Mobile_Artefacts_And_Assets,opesinsure_shield_logo.png,included
03_Mobile_Artefacts_And_Assets,opesinsure_protection_together.png,included
03_Mobile_Artefacts_And_Assets,opesinsure_family_protection_logo.png,included
03_Mobile_Artefacts_And_Assets,futuristic_blue_orb_energy_emblem.png,included
03_Mobile_Artefacts_And_Assets,cameroon_neon_location_pin.png,included
03_Mobile_Artefacts_And_Assets,dotted_africa_digital_network_map.png,included
03_Mobile_Artefacts_And_Assets,neon_network_map_of_africa.png,included
03_Mobile_Artefacts_And_Assets,luminous_blue_network_arcs_and_nodes.png,included
03_Mobile_Artefacts_And_Assets,golden_sci_fi_light_node.png,included
03_Mobile_Artefacts_And_Assets,elegant_golden_network_arcs.png,included
03_Mobile_Artefacts_And_Assets,luminous_dotted_africa_map.png,included
03_Mobile_Artefacts_And_Assets,blue_geometric_tribal_ornament.png,included
03_Mobile_Artefacts_And_Assets,blue_geometric_african_inspired_corner_ornament.png,included
03_Mobile_Artefacts_And_Assets,glossy_blue_tribal_wave_corner.png,included
03_Mobile_Artefacts_And_Assets,icy_blue_geometric_ornamental_border.png,included
03_Mobile_Artefacts_And_Assets,icy_blue_geometric_tribal_border.png,included
03_Mobile_Artefacts_And_Assets,glossy_blue_and_gold_wave_banner.png,included
03_Mobile_Artefacts_And_Assets,golden_network_africa_map.png,included
03_Mobile_Artefacts_And_Assets,africa_digital_network_map.png,included
03_Mobile_Artefacts_And_Assets,african_geometric_blue_and_gold_border.png,included
03_Mobile_Artefacts_And_Assets,pale_geometric_tribal_wallpaper.png,included
03_Mobile_Artefacts_And_Assets,icy_blue_flowing_wave_lines.png,included
03_Mobile_Artefacts_And_Assets,metallic_gold_calligraphic_swoosh.png,included
03_Mobile_Artefacts_And_Assets,elegant_blue_wave_ribbon_flow.png,included
03_Mobile_Artefacts_And_Assets,radiant_blue_white_light_burst.png,included
03_Mobile_Artefacts_And_Assets,ethereal_blue_mist_wave_overlay.png,included
03_Mobile_Artefacts_And_Assets,connected_africa_dot_network.png,included
03_Mobile_Artefacts_And_Assets,elegant_tribal_geometric_border.png,included
03_Mobile_Artefacts_And_Assets,luxury_blue_and_gold_wave_ribbons.png,included
03_Mobile_Artefacts_And_Assets,glossy_blue_glass_shield_icon.png,included
03_Mobile_Artefacts_And_Assets,a_clean_graphic_design_asset_sheet_layout_image.png,included
03_Mobile_Artefacts_And_Assets,a_clean_professional_design_asset_sheet_on_a_whit.png,included
03_Mobile_Artefacts_And_Assets,a_clean_white_background_presentation_board_grid_o.png,included
03_Mobile_Artefacts_And_Assets,a_clean_high_resolution_flat_brand_assets_desi.png,included
03_Mobile_Artefacts_And_Assets,a_clean_white_canvas_style_branding_and_ui_asset_s.png,included
03_Mobile_Artefacts_And_Assets,imagegen.png,included
